<?xml version="1.0" encoding="UTF-8"?>
<project name="italker" default="all">
  
  
  <property file="italker.properties"/>
  <!-- Uncomment the following property if no tests compilation is needed -->
  <!-- 
  <property name="skip.tests" value="true"/>
   -->
  
  <!-- Compiler options -->
  
  <property name="compiler.debug" value="on"/>
  <property name="compiler.generate.no.warnings" value="off"/>
  <property name="compiler.args" value=""/>
  <property name="compiler.max.memory" value="700m"/>
  <patternset id="ignored.files">
    <exclude name="**/*.hprof/**"/>
    <exclude name="**/*.pyc/**"/>
    <exclude name="**/*.pyo/**"/>
    <exclude name="**/*.rbc/**"/>
    <exclude name="**/*.yarb/**"/>
    <exclude name="**/*~/**"/>
    <exclude name="**/.DS_Store/**"/>
    <exclude name="**/.git/**"/>
    <exclude name="**/.hg/**"/>
    <exclude name="**/.svn/**"/>
    <exclude name="**/CVS/**"/>
    <exclude name="**/__pycache__/**"/>
    <exclude name="**/_svn/**"/>
    <exclude name="**/vssver.scc/**"/>
    <exclude name="**/vssver2.scc/**"/>
  </patternset>
  <patternset id="library.patterns">
    <include name="*.egg"/>
    <include name="*.jar"/>
    <include name="*.ear"/>
    <include name="*.swc"/>
    <include name="*.war"/>
    <include name="*.ane"/>
    <include name="*.zip"/>
  </patternset>
  <patternset id="compiler.resources">
    <exclude name="**/?*.java"/>
    <exclude name="**/?*.form"/>
    <exclude name="**/?*.class"/>
    <exclude name="**/?*.groovy"/>
    <exclude name="**/?*.scala"/>
    <exclude name="**/?*.flex"/>
    <exclude name="**/?*.kt"/>
    <exclude name="**/?*.clj"/>
    <exclude name="**/?*.aj"/>
  </patternset>
  
  <!-- JDK definitions -->
  
  <property name="jdk.bin.1.8" value="${jdk.home.1.8}/bin"/>
  <path id="jdk.classpath.1.8">
    <fileset dir="${jdk.home.1.8}">
      <include name="jre/lib/charsets.jar"/>
      <include name="jre/lib/deploy.jar"/>
      <include name="jre/lib/ext/cldrdata.jar"/>
      <include name="jre/lib/ext/dnsns.jar"/>
      <include name="jre/lib/ext/jaccess.jar"/>
      <include name="jre/lib/ext/jfxrt.jar"/>
      <include name="jre/lib/ext/localedata.jar"/>
      <include name="jre/lib/ext/nashorn.jar"/>
      <include name="jre/lib/ext/sunec.jar"/>
      <include name="jre/lib/ext/sunjce_provider.jar"/>
      <include name="jre/lib/ext/sunpkcs11.jar"/>
      <include name="jre/lib/ext/zipfs.jar"/>
      <include name="jre/lib/javaws.jar"/>
      <include name="jre/lib/jce.jar"/>
      <include name="jre/lib/jfr.jar"/>
      <include name="jre/lib/jfxswt.jar"/>
      <include name="jre/lib/jsse.jar"/>
      <include name="jre/lib/management-agent.jar"/>
      <include name="jre/lib/plugin.jar"/>
      <include name="jre/lib/resources.jar"/>
      <include name="jre/lib/rt.jar"/>
      <include name="lib/ant-javafx.jar"/>
      <include name="lib/dt.jar"/>
      <include name="lib/javafx-mx.jar"/>
      <include name="lib/jconsole.jar"/>
      <include name="lib/packager.jar"/>
      <include name="lib/sa-jdi.jar"/>
      <include name="lib/tools.jar"/>
    </fileset>
  </path>
  
  <property name="project.jdk.home" value="${jdk.home.1.8}"/>
  <property name="project.jdk.bin" value="${jdk.bin.1.8}"/>
  <property name="project.jdk.classpath" value="jdk.classpath.1.8"/>
  
  
  <!-- Project Libraries -->
  
  <path id="library.gradle:_antlr:antlr:2.7.7.classpath">
    <pathelement location="${basedir}/../../../../../.gradle/caches/modules-2/files-2.1/antlr/antlr/2.7.7/83cd2cd674a217ade95a4bb83a8a14f351f48bd0/antlr-2.7.7.jar"/>
  </path>
  
  <path id="library.gradle:_com.fasterxml.jackson.core:jackson-annotations:2.8.4.classpath">
    <pathelement location="${basedir}/../../../../../.gradle/caches/modules-2/files-2.1/com.fasterxml.jackson.core/jackson-annotations/2.8.4/de3570327cf8d1d4f37920535c51a1f74225a6de/jackson-annotations-2.8.4.jar"/>
  </path>
  
  <path id="library.gradle:_com.fasterxml.jackson.core:jackson-core:2.8.4.classpath">
    <pathelement location="${basedir}/../../../../../.gradle/caches/modules-2/files-2.1/com.fasterxml.jackson.core/jackson-core/2.8.4/ca365c0817cc345ea831cae7c4e9b42a72b32281/jackson-core-2.8.4.jar"/>
  </path>
  
  <path id="library.gradle:_com.fasterxml.jackson.core:jackson-databind:2.8.4.classpath">
    <pathelement location="${basedir}/../../../../../.gradle/caches/modules-2/files-2.1/com.fasterxml.jackson.core/jackson-databind/2.8.4/1c36c81e79cacdf48116afba8495e3393d267ba1/jackson-databind-2.8.4.jar"/>
  </path>
  
  <path id="library.gradle:_com.fasterxml.jackson.jaxrs:jackson-jaxrs-base:2.8.4.classpath">
    <pathelement location="${basedir}/../../../../../.gradle/caches/modules-2/files-2.1/com.fasterxml.jackson.jaxrs/jackson-jaxrs-base/2.8.4/6c0ceb3c9fed2e225b0cc2a45533574df393f606/jackson-jaxrs-base-2.8.4.jar"/>
  </path>
  
  <path id="library.gradle:_com.fasterxml.jackson.jaxrs:jackson-jaxrs-json-provider:2.8.4.classpath">
    <pathelement location="${basedir}/../../../../../.gradle/caches/modules-2/files-2.1/com.fasterxml.jackson.jaxrs/jackson-jaxrs-json-provider/2.8.4/839366ece31829a19cb15719b2b54a3f9f91148d/jackson-jaxrs-json-provider-2.8.4.jar"/>
  </path>
  
  <path id="library.gradle:_com.fasterxml.jackson.module:jackson-module-jaxb-annotations:2.8.4.classpath">
    <pathelement location="${basedir}/../../../../../.gradle/caches/modules-2/files-2.1/com.fasterxml.jackson.module/jackson-module-jaxb-annotations/2.8.4/d2eec7cf6c4284f7d5f0b1a72dc7cfa9d6bb579d/jackson-module-jaxb-annotations-2.8.4.jar"/>
  </path>
  
  <path id="library.gradle:_com.fasterxml:classmate:1.3.0.classpath">
    <pathelement location="${basedir}/../../../../../.gradle/caches/modules-2/files-2.1/com.fasterxml/classmate/1.3.0/183407ff982e9375f1a1c4a51ed0a9307c598fc7/classmate-1.3.0.jar"/>
  </path>
  
  <path id="library.gradle:_com.gexin.platform:gexin-rp-sdk-base:4.0.0.12.classpath">
    <pathelement location="${basedir}/../../../../../.gradle/caches/modules-2/files-2.1/com.gexin.platform/gexin-rp-sdk-base/4.0.0.12/dfe72eb8cf17de65f74d3cb5163073f9676f6006/gexin-rp-sdk-base-4.0.0.12.jar"/>
  </path>
  
  <path id="library.gradle:_com.gexin.platform:gexin-rp-sdk-http:4.0.1.7.classpath">
    <pathelement location="${basedir}/Could not find com.gexin.platform:gexin-rp-sdk-http:4.0.1.7."/>
    <pathelement location="${basedir}/../../../../../.gradle/caches/modules-2/files-2.1/com.gexin.platform/gexin-rp-sdk-http/4.0.1.7/7dbcadff6fed0766f940c5a370381a8aaff9381e/gexin-rp-sdk-http-4.0.1.7.jar"/>
  </path>
  
  <path id="library.gradle:_com.gexin.platform:gexin-rp-sdk-template:4.0.0.6.classpath">
    <pathelement location="${basedir}/../../../../../.gradle/caches/modules-2/files-2.1/com.gexin.platform/gexin-rp-sdk-template/4.0.0.6/6cde47346ca4b847bf8fffcf8abbf75e4b4fa92c/gexin-rp-sdk-template-4.0.0.6.jar"/>
  </path>
  
  <path id="library.gradle:_com.google.code.gson:gson:2.8.0.classpath">
    <pathelement location="${basedir}/../../../../../.gradle/caches/modules-2/files-2.1/com.google.code.gson/gson/2.8.0/c4ba5371a29ac9b2ad6129b1d39ea38750043eff/gson-2.8.0.jar"/>
  </path>
  
  <path id="library.gradle:_com.google.guava:guava:21.0.classpath">
    <pathelement location="${basedir}/../../../../../.gradle/caches/modules-2/files-2.1/com.google.guava/guava/21.0/3a3d111be1be1b745edfa7d91678a12d7ed38709/guava-21.0.jar"/>
  </path>
  
  <path id="library.gradle:_com.google.protobuf:protobuf-java:2.5.0.classpath">
    <pathelement location="${basedir}/../../../../../.gradle/caches/modules-2/files-2.1/com.google.protobuf/protobuf-java/2.5.0/a10732c76bfacdbd633a7eb0f7968b1059a65dfa/protobuf-java-2.5.0.jar"/>
  </path>
  
  <path id="library.gradle:_com.mchange:c3p0:0.9.5.2.classpath">
    <pathelement location="${basedir}/../../../../../.gradle/caches/modules-2/files-2.1/com.mchange/c3p0/0.9.5.2/5f86cb6130bc6e8475615ed82d5b5e6fb226a86a/c3p0-0.9.5.2.jar"/>
  </path>
  
  <path id="library.gradle:_com.mchange:mchange-commons-java:0.2.11.classpath">
    <pathelement location="${basedir}/../../../../../.gradle/caches/modules-2/files-2.1/com.mchange/mchange-commons-java/0.2.11/2a6a6c1fe25f28f5a073171956ce6250813467ef/mchange-commons-java-0.2.11.jar"/>
  </path>
  
  <path id="library.gradle:_dom4j:dom4j:1.6.1.classpath">
    <pathelement location="${basedir}/../../../../../.gradle/caches/modules-2/files-2.1/dom4j/dom4j/1.6.1/5d3ccc056b6f056dbf0dddfdf43894b9065a8f94/dom4j-1.6.1.jar"/>
  </path>
  
  <path id="library.gradle:_javax.annotation:javax.annotation-api:1.2.classpath">
    <pathelement location="${basedir}/../../../../../.gradle/caches/modules-2/files-2.1/javax.annotation/javax.annotation-api/1.2/479c1e06db31c432330183f5cae684163f186146/javax.annotation-api-1.2.jar"/>
  </path>
  
  <path id="library.gradle:_javax.inject:javax.inject:1.classpath">
    <pathelement location="${basedir}/../../../../../.gradle/caches/modules-2/files-2.1/javax.inject/javax.inject/1/6975da39a7040257bd51d21a231b76c915872d38/javax.inject-1.jar"/>
  </path>
  
  <path id="library.gradle:_javax.validation:validation-api:1.1.0.final.classpath">
    <pathelement location="${basedir}/../../../../../.gradle/caches/modules-2/files-2.1/javax.validation/validation-api/1.1.0.Final/8613ae82954779d518631e05daa73a6a954817d5/validation-api-1.1.0.Final.jar"/>
  </path>
  
  <path id="library.gradle:_javax.ws.rs:javax.ws.rs-api:2.1-m05.classpath">
    <pathelement location="${basedir}/../../../../../.gradle/caches/modules-2/files-2.1/javax.ws.rs/javax.ws.rs-api/2.1-m05/e6110a8fabdb79f9fa1bd48616f4b3fbba4b8c68/javax.ws.rs-api-2.1-m05.jar"/>
  </path>
  
  <path id="library.gradle:_junit:junit:4.12.classpath">
    <pathelement location="${basedir}/../../../../../.gradle/caches/modules-2/files-2.1/junit/junit/4.12/2973d150c0dc1fefe998f834810d68f278ea58ec/junit-4.12.jar"/>
  </path>
  
  <path id="library.gradle:_mysql:mysql-connector-java:6.0.6.classpath">
    <pathelement location="${basedir}/../../../../../.gradle/caches/modules-2/files-2.1/mysql/mysql-connector-java/6.0.6/1d19b184dbc596008cc71c83596f051c3ec4097f/mysql-connector-java-6.0.6.jar"/>
  </path>
  
  <path id="library.gradle:_net.bytebuddy:byte-buddy:1.6.6.classpath">
    <pathelement location="${basedir}/../../../../../.gradle/caches/modules-2/files-2.1/net.bytebuddy/byte-buddy/1.6.6/7d421c533adb4e1948e3219572f94c485f09a644/byte-buddy-1.6.6.jar"/>
  </path>
  
  <path id="library.gradle:_org.glassfish.hk2.external:aopalliance-repackaged:2.5.0-b36.classpath">
    <pathelement location="${basedir}/../../../../../.gradle/caches/modules-2/files-2.1/org.glassfish.hk2.external/aopalliance-repackaged/2.5.0-b36/c070e06fddf05938328f4c9ad5c954127e1188ac/aopalliance-repackaged-2.5.0-b36.jar"/>
  </path>
  
  <path id="library.gradle:_org.glassfish.hk2.external:javax.inject:2.5.0-b36.classpath">
    <pathelement location="${basedir}/../../../../../.gradle/caches/modules-2/files-2.1/org.glassfish.hk2.external/javax.inject/2.5.0-b36/3906adf5b1b5ab578148efed0db63b09ca04ae81/javax.inject-2.5.0-b36.jar"/>
  </path>
  
  <path id="library.gradle:_org.glassfish.hk2:hk2-api:2.5.0-b36.classpath">
    <pathelement location="${basedir}/../../../../../.gradle/caches/modules-2/files-2.1/org.glassfish.hk2/hk2-api/2.5.0-b36/38a3aecbf0aecb3fe07dc05902b2fbb8f1ecba12/hk2-api-2.5.0-b36.jar"/>
  </path>
  
  <path id="library.gradle:_org.glassfish.hk2:hk2-locator:2.5.0-b36.classpath">
    <pathelement location="${basedir}/../../../../../.gradle/caches/modules-2/files-2.1/org.glassfish.hk2/hk2-locator/2.5.0-b36/947c78df1a394fe5b644ce2ca91cb5fd55d0e230/hk2-locator-2.5.0-b36.jar"/>
  </path>
  
  <path id="library.gradle:_org.glassfish.hk2:hk2-utils:2.5.0-b36.classpath">
    <pathelement location="${basedir}/../../../../../.gradle/caches/modules-2/files-2.1/org.glassfish.hk2/hk2-utils/2.5.0-b36/6f4a10a31fab614f0b57afb03551170dfe391f6a/hk2-utils-2.5.0-b36.jar"/>
  </path>
  
  <path id="library.gradle:_org.glassfish.hk2:osgi-resource-locator:1.0.1.classpath">
    <pathelement location="${basedir}/../../../../../.gradle/caches/modules-2/files-2.1/org.glassfish.hk2/osgi-resource-locator/1.0.1/4ed2b2d4738aed5786cfa64cba5a332779c4c708/osgi-resource-locator-1.0.1.jar"/>
  </path>
  
  <path id="library.gradle:_org.glassfish.jersey.bundles.repackaged:jersey-guava:2.26-b03.classpath">
    <pathelement location="${basedir}/../../../../../.gradle/caches/modules-2/files-2.1/org.glassfish.jersey.bundles.repackaged/jersey-guava/2.26-b03/969207eb0861f4c0448924b637734c98760e241c/jersey-guava-2.26-b03.jar"/>
  </path>
  
  <path id="library.gradle:_org.glassfish.jersey.containers:jersey-container-servlet-core:2.26-b03.classpath">
    <pathelement location="${basedir}/../../../../../.gradle/caches/modules-2/files-2.1/org.glassfish.jersey.containers/jersey-container-servlet-core/2.26-b03/843b8207bc739bbb986cb28e9db9065f8c8bcc41/jersey-container-servlet-core-2.26-b03.jar"/>
  </path>
  
  <path id="library.gradle:_org.glassfish.jersey.containers:jersey-container-servlet:2.26-b03.classpath">
    <pathelement location="${basedir}/../../../../../.gradle/caches/modules-2/files-2.1/org.glassfish.jersey.containers/jersey-container-servlet/2.26-b03/deb10e4947ac80866ff95c8ca7610585c48d414e/jersey-container-servlet-2.26-b03.jar"/>
  </path>
  
  <path id="library.gradle:_org.glassfish.jersey.core:jersey-client:2.26-b03.classpath">
    <pathelement location="${basedir}/../../../../../.gradle/caches/modules-2/files-2.1/org.glassfish.jersey.core/jersey-client/2.26-b03/c8fe06284e2de90881e845228ec87afa8378d2ff/jersey-client-2.26-b03.jar"/>
  </path>
  
  <path id="library.gradle:_org.glassfish.jersey.core:jersey-common:2.26-b03.classpath">
    <pathelement location="${basedir}/../../../../../.gradle/caches/modules-2/files-2.1/org.glassfish.jersey.core/jersey-common/2.26-b03/5378c3169c6769b94643740023a48a1ec5177278/jersey-common-2.26-b03.jar"/>
  </path>
  
  <path id="library.gradle:_org.glassfish.jersey.core:jersey-server:2.26-b03.classpath">
    <pathelement location="${basedir}/../../../../../.gradle/caches/modules-2/files-2.1/org.glassfish.jersey.core/jersey-server/2.26-b03/8e0c9b14c39a4881875586b351d82993e345fc33/jersey-server-2.26-b03.jar"/>
  </path>
  
  <path id="library.gradle:_org.glassfish.jersey.ext:jersey-entity-filtering:2.26-b03.classpath">
    <pathelement location="${basedir}/../../../../../.gradle/caches/modules-2/files-2.1/org.glassfish.jersey.ext/jersey-entity-filtering/2.26-b03/150b38ea6809fc4e600a010449b49fb0279aa021/jersey-entity-filtering-2.26-b03.jar"/>
  </path>
  
  <path id="library.gradle:_org.glassfish.jersey.media:jersey-media-jaxb:2.26-b03.classpath">
    <pathelement location="${basedir}/../../../../../.gradle/caches/modules-2/files-2.1/org.glassfish.jersey.media/jersey-media-jaxb/2.26-b03/c0add3be67cf5d02e08fdf984c623dc3acfb62e5/jersey-media-jaxb-2.26-b03.jar"/>
  </path>
  
  <path id="library.gradle:_org.glassfish.jersey.media:jersey-media-json-jackson:2.26-b03.classpath">
    <pathelement location="${basedir}/../../../../../.gradle/caches/modules-2/files-2.1/org.glassfish.jersey.media/jersey-media-json-jackson/2.26-b03/f645fd922d577ff9dbaa3744372b3bbb836d93b8/jersey-media-json-jackson-2.26-b03.jar"/>
  </path>
  
  <path id="library.gradle:_org.hamcrest:hamcrest-core:1.3.classpath">
    <pathelement location="${basedir}/../../../../../.gradle/caches/modules-2/files-2.1/org.hamcrest/hamcrest-core/1.3/42a25dc3219429f0e5d060061f71acb49bf010a0/hamcrest-core-1.3.jar"/>
  </path>
  
  <path id="library.gradle:_org.hibernate.common:hibernate-commons-annotations:5.0.1.final.classpath">
    <pathelement location="${basedir}/../../../../../.gradle/caches/modules-2/files-2.1/org.hibernate.common/hibernate-commons-annotations/5.0.1.Final/71e1cff3fcb20d3b3af4f3363c3ddb24d33c6879/hibernate-commons-annotations-5.0.1.Final.jar"/>
  </path>
  
  <path id="library.gradle:_org.hibernate.javax.persistence:hibernate-jpa-2.1-api:1.0.0.final.classpath">
    <pathelement location="${basedir}/../../../../../.gradle/caches/modules-2/files-2.1/org.hibernate.javax.persistence/hibernate-jpa-2.1-api/1.0.0.Final/5e731d961297e5a07290bfaf3db1fbc8bbbf405a/hibernate-jpa-2.1-api-1.0.0.Final.jar"/>
  </path>
  
  <path id="library.gradle:_org.hibernate:hibernate-c3p0:5.2.9.final.classpath">
    <pathelement location="${basedir}/../../../../../.gradle/caches/modules-2/files-2.1/org.hibernate/hibernate-c3p0/5.2.9.Final/25ac56109fa356bbc28570f51fc45cb859aab9f0/hibernate-c3p0-5.2.9.Final.jar"/>
  </path>
  
  <path id="library.gradle:_org.hibernate:hibernate-core:5.2.9.final.classpath">
    <pathelement location="${basedir}/../../../../../.gradle/caches/modules-2/files-2.1/org.hibernate/hibernate-core/5.2.9.Final/284e5c769bbcc3fe1d4961f163b7360e6b4e2422/hibernate-core-5.2.9.Final.jar"/>
  </path>
  
  <path id="library.gradle:_org.hibernate:hibernate-entitymanager:5.2.9.final.classpath">
    <pathelement location="${basedir}/../../../../../.gradle/caches/modules-2/files-2.1/org.hibernate/hibernate-entitymanager/5.2.9.Final/c967ff4d212c14cac9a5e2161b1ea36b22352d0a/hibernate-entitymanager-5.2.9.Final.jar"/>
  </path>
  
  <path id="library.gradle:_org.javassist:javassist:3.20.0-ga.classpath">
    <pathelement location="${basedir}/../../../../../.gradle/caches/modules-2/files-2.1/org.javassist/javassist/3.20.0-GA/a9cbcdfb7e9f86fbc74d3afae65f2248bfbf82a0/javassist-3.20.0-GA.jar"/>
  </path>
  
  <path id="library.gradle:_org.jboss.logging:jboss-logging:3.3.0.final.classpath">
    <pathelement location="${basedir}/../../../../../.gradle/caches/modules-2/files-2.1/org.jboss.logging/jboss-logging/3.3.0.Final/3616bb87707910296e2c195dc016287080bba5af/jboss-logging-3.3.0.Final.jar"/>
  </path>
  
  <path id="library.gradle:_org.jboss.spec.javax.transaction:jboss-transaction-api_1.2_spec:1.0.1.final.classpath">
    <pathelement location="${basedir}/../../../../../.gradle/caches/modules-2/files-2.1/org.jboss.spec.javax.transaction/jboss-transaction-api_1.2_spec/1.0.1.Final/4441f144a2a1f46ed48fcc6b476a4b6295e6d524/jboss-transaction-api_1.2_spec-1.0.1.Final.jar"/>
  </path>
  
  <path id="library.gradle:_org.jboss:jandex:2.0.3.final.classpath">
    <pathelement location="${basedir}/../../../../../.gradle/caches/modules-2/files-2.1/org.jboss/jandex/2.0.3.Final/bfc4d6257dbff7a33a357f0de116be6ff951d849/jandex-2.0.3.Final.jar"/>
  </path>
  
  <path id="library.lib.classpath">
    <pathelement location="${basedir}/build/libs/exploded/iTalker-1.0-SNAPSHOT.war/WEB-INF/lib/antlr-2.7.7.jar"/>
    <pathelement location="${basedir}/build/libs/exploded/iTalker-1.0-SNAPSHOT.war/WEB-INF/lib/aopalliance-repackaged-2.5.0-b36.jar"/>
    <pathelement location="${basedir}/build/libs/exploded/iTalker-1.0-SNAPSHOT.war/WEB-INF/lib/byte-buddy-1.6.6.jar"/>
    <pathelement location="${basedir}/build/libs/exploded/iTalker-1.0-SNAPSHOT.war/WEB-INF/lib/c3p0-0.9.5.2.jar"/>
    <pathelement location="${basedir}/build/libs/exploded/iTalker-1.0-SNAPSHOT.war/WEB-INF/lib/classmate-1.3.0.jar"/>
    <pathelement location="${basedir}/build/libs/exploded/iTalker-1.0-SNAPSHOT.war/WEB-INF/lib/dom4j-1.6.1.jar"/>
    <pathelement location="${basedir}/build/libs/exploded/iTalker-1.0-SNAPSHOT.war/WEB-INF/lib/gson-2.8.0.jar"/>
    <pathelement location="${basedir}/build/libs/exploded/iTalker-1.0-SNAPSHOT.war/WEB-INF/lib/guava-21.0.jar"/>
    <pathelement location="${basedir}/build/libs/exploded/iTalker-1.0-SNAPSHOT.war/WEB-INF/lib/hibernate-c3p0-5.2.9.Final.jar"/>
    <pathelement location="${basedir}/build/libs/exploded/iTalker-1.0-SNAPSHOT.war/WEB-INF/lib/hibernate-commons-annotations-5.0.1.Final.jar"/>
    <pathelement location="${basedir}/build/libs/exploded/iTalker-1.0-SNAPSHOT.war/WEB-INF/lib/hibernate-core-5.2.9.Final.jar"/>
    <pathelement location="${basedir}/build/libs/exploded/iTalker-1.0-SNAPSHOT.war/WEB-INF/lib/hibernate-entitymanager-5.2.9.Final.jar"/>
    <pathelement location="${basedir}/build/libs/exploded/iTalker-1.0-SNAPSHOT.war/WEB-INF/lib/hibernate-jpa-2.1-api-1.0.0.Final.jar"/>
    <pathelement location="${basedir}/build/libs/exploded/iTalker-1.0-SNAPSHOT.war/WEB-INF/lib/hk2-api-2.5.0-b36.jar"/>
    <pathelement location="${basedir}/build/libs/exploded/iTalker-1.0-SNAPSHOT.war/WEB-INF/lib/hk2-locator-2.5.0-b36.jar"/>
    <pathelement location="${basedir}/build/libs/exploded/iTalker-1.0-SNAPSHOT.war/WEB-INF/lib/hk2-utils-2.5.0-b36.jar"/>
    <pathelement location="${basedir}/build/libs/exploded/iTalker-1.0-SNAPSHOT.war/WEB-INF/lib/jackson-annotations-2.8.4.jar"/>
    <pathelement location="${basedir}/build/libs/exploded/iTalker-1.0-SNAPSHOT.war/WEB-INF/lib/jackson-core-2.8.4.jar"/>
    <pathelement location="${basedir}/build/libs/exploded/iTalker-1.0-SNAPSHOT.war/WEB-INF/lib/jackson-databind-2.8.4.jar"/>
    <pathelement location="${basedir}/build/libs/exploded/iTalker-1.0-SNAPSHOT.war/WEB-INF/lib/jackson-jaxrs-base-2.8.4.jar"/>
    <pathelement location="${basedir}/build/libs/exploded/iTalker-1.0-SNAPSHOT.war/WEB-INF/lib/jackson-jaxrs-json-provider-2.8.4.jar"/>
    <pathelement location="${basedir}/build/libs/exploded/iTalker-1.0-SNAPSHOT.war/WEB-INF/lib/jackson-module-jaxb-annotations-2.8.4.jar"/>
    <pathelement location="${basedir}/build/libs/exploded/iTalker-1.0-SNAPSHOT.war/WEB-INF/lib/jandex-2.0.3.Final.jar"/>
    <pathelement location="${basedir}/build/libs/exploded/iTalker-1.0-SNAPSHOT.war/WEB-INF/lib/javassist-3.20.0-GA.jar"/>
    <pathelement location="${basedir}/build/libs/exploded/iTalker-1.0-SNAPSHOT.war/WEB-INF/lib/javax.annotation-api-1.2.jar"/>
    <pathelement location="${basedir}/build/libs/exploded/iTalker-1.0-SNAPSHOT.war/WEB-INF/lib/javax.inject-1.jar"/>
    <pathelement location="${basedir}/build/libs/exploded/iTalker-1.0-SNAPSHOT.war/WEB-INF/lib/javax.inject-2.5.0-b36.jar"/>
    <pathelement location="${basedir}/build/libs/exploded/iTalker-1.0-SNAPSHOT.war/WEB-INF/lib/javax.ws.rs-api-2.1-m05.jar"/>
    <pathelement location="${basedir}/build/libs/exploded/iTalker-1.0-SNAPSHOT.war/WEB-INF/lib/jboss-logging-3.3.0.Final.jar"/>
    <pathelement location="${basedir}/build/libs/exploded/iTalker-1.0-SNAPSHOT.war/WEB-INF/lib/jboss-transaction-api_1.2_spec-1.0.1.Final.jar"/>
    <pathelement location="${basedir}/build/libs/exploded/iTalker-1.0-SNAPSHOT.war/WEB-INF/lib/jersey-client-2.26-b03.jar"/>
    <pathelement location="${basedir}/build/libs/exploded/iTalker-1.0-SNAPSHOT.war/WEB-INF/lib/jersey-common-2.26-b03.jar"/>
    <pathelement location="${basedir}/build/libs/exploded/iTalker-1.0-SNAPSHOT.war/WEB-INF/lib/jersey-container-servlet-2.26-b03.jar"/>
    <pathelement location="${basedir}/build/libs/exploded/iTalker-1.0-SNAPSHOT.war/WEB-INF/lib/jersey-container-servlet-core-2.26-b03.jar"/>
    <pathelement location="${basedir}/build/libs/exploded/iTalker-1.0-SNAPSHOT.war/WEB-INF/lib/jersey-entity-filtering-2.26-b03.jar"/>
    <pathelement location="${basedir}/build/libs/exploded/iTalker-1.0-SNAPSHOT.war/WEB-INF/lib/jersey-guava-2.26-b03.jar"/>
    <pathelement location="${basedir}/build/libs/exploded/iTalker-1.0-SNAPSHOT.war/WEB-INF/lib/jersey-media-jaxb-2.26-b03.jar"/>
    <pathelement location="${basedir}/build/libs/exploded/iTalker-1.0-SNAPSHOT.war/WEB-INF/lib/jersey-media-json-jackson-2.26-b03.jar"/>
    <pathelement location="${basedir}/build/libs/exploded/iTalker-1.0-SNAPSHOT.war/WEB-INF/lib/jersey-server-2.26-b03.jar"/>
    <pathelement location="${basedir}/build/libs/exploded/iTalker-1.0-SNAPSHOT.war/WEB-INF/lib/mchange-commons-java-0.2.11.jar"/>
    <pathelement location="${basedir}/build/libs/exploded/iTalker-1.0-SNAPSHOT.war/WEB-INF/lib/mysql-connector-java-6.0.6.jar"/>
    <pathelement location="${basedir}/build/libs/exploded/iTalker-1.0-SNAPSHOT.war/WEB-INF/lib/osgi-resource-locator-1.0.1.jar"/>
    <pathelement location="${basedir}/build/libs/exploded/iTalker-1.0-SNAPSHOT.war/WEB-INF/lib/validation-api-1.1.0.Final.jar"/>
  </path>
  
  
  <!-- Application Server Libraries -->
  <!-- Register Custom Compiler Taskdefs -->
  <property name="javac2.home" value="${idea.home}/lib"/>
  <path id="javac2.classpath">
    <pathelement location="${javac2.home}/javac2.jar"/>
    <pathelement location="${javac2.home}/jdom.jar"/>
    <pathelement location="${javac2.home}/asm-all.jar"/>
    <pathelement location="${javac2.home}/jgoodies-forms.jar"/>
  </path>
  <target name="register.custom.compilers">
    <taskdef name="javac2" classname="com.intellij.ant.Javac2" classpathref="javac2.classpath"/>
    <taskdef name="instrumentIdeaExtensions" classname="com.intellij.ant.InstrumentIdeaExtensions" classpathref="javac2.classpath"/>
  </target>
  
  <!-- Modules -->
  
  <import file="${basedir}/.idea/modules/module_italker.xml"/>
  
  <import file="${basedir}/.idea/modules/module_italker_main.xml"/>
  
  <import file="${basedir}/src/main/module_main.xml"/>
  
  <import file="${basedir}/.idea/modules/module_italker_test.xml"/>
  
  <target name="init" description="Build initialization">
    <!-- Perform any build initialization in this target -->
  </target>
  
  <target name="clean" depends="clean.module.italker, clean.module.italker_main, clean.module.main, clean.module.italker_test, clean.artifact.gradle_:_italker_:_italker-1.0-snapshot.war_(exploded)" description="cleanup all"/>
  
  <target name="build.modules" depends="init, clean, compile.module.italker, compile.module.italker_main, compile.module.main, compile.module.italker_test" description="build all modules"/>
  
  <target name="init.artifacts">
    <property name="artifacts.temp.dir" value="${basedir}/__artifacts_temp"/>
    <property name="artifact.output.gradle_:_italker_:_italker-1.0-snapshot.war" value="${basedir}/build/libs"/>
    <property name="artifact.output.gradle_:_italker_:_italker-1.0-snapshot.war_(exploded)" value="${basedir}/build/libs/exploded/iTalker-1.0-SNAPSHOT.war"/>
    <mkdir dir="${artifacts.temp.dir}"/>
    <property name="temp.jar.path.iTalker-1.0-SNAPSHOT.war" value="${artifacts.temp.dir}/iTalker-1.0-SNAPSHOT.war"/>
  </target>
  
  <target name="clean.artifact.gradle_:_italker_:_italker-1.0-snapshot.war_(exploded)" description="clean Gradle : iTalker : iTalker-1.0-SNAPSHOT.war (exploded) artifact output">
    <delete dir="${artifact.output.gradle_:_italker_:_italker-1.0-snapshot.war_(exploded)}"/>
  </target>
  
  <target name="artifact.gradle_:_italker_:_italker-1.0-snapshot.war" depends="init.artifacts, artifact.gradle_:_italker_:_italker-1.0-snapshot.war_(exploded)" description="Build &#39;Gradle : iTalker : iTalker-1.0-SNAPSHOT.war&#39; artifact">
    <property name="artifact.temp.output.gradle_:_italker_:_italker-1.0-snapshot.war" value="${artifacts.temp.dir}/Gradle___iTalker___iTalker_1_0_SNAPSHOT_war"/>
    <mkdir dir="${artifact.temp.output.gradle_:_italker_:_italker-1.0-snapshot.war}"/>
    <zip destfile="${temp.jar.path.iTalker-1.0-SNAPSHOT.war}">
      <zipfileset dir="${artifact.output.gradle_:_italker_:_italker-1.0-snapshot.war_(exploded)}"/>
    </zip>
    <copy file="${temp.jar.path.iTalker-1.0-SNAPSHOT.war}" tofile="${artifact.temp.output.gradle_:_italker_:_italker-1.0-snapshot.war}/iTalker-1.0-SNAPSHOT.war"/>
  </target>
  
  <target name="artifact.gradle_:_italker_:_italker-1.0-snapshot.war_(exploded)" depends="init.artifacts, compile.module.italker_main" description="Build &#39;Gradle : iTalker : iTalker-1.0-SNAPSHOT.war (exploded)&#39; artifact">
    <mkdir dir="${artifact.output.gradle_:_italker_:_italker-1.0-snapshot.war_(exploded)}"/>
    <mkdir dir="${artifact.output.gradle_:_italker_:_italker-1.0-snapshot.war_(exploded)}/META-INF"/>
    <copy file="${basedir}/build/libs/exploded/iTalker-1.0-SNAPSHOT.war/META-INF/MANIFEST.MF" tofile="${artifact.output.gradle_:_italker_:_italker-1.0-snapshot.war_(exploded)}/META-INF/MANIFEST.MF"/>
    <copy todir="${artifact.output.gradle_:_italker_:_italker-1.0-snapshot.war_(exploded)}">
      <fileset dir="${basedir}/src/main/webapp"/>
    </copy>
    <mkdir dir="${artifact.output.gradle_:_italker_:_italker-1.0-snapshot.war_(exploded)}/WEB-INF"/>
    <copy file="${basedir}/src/main/webapp/WEB-INF/web.xml" tofile="${artifact.output.gradle_:_italker_:_italker-1.0-snapshot.war_(exploded)}/WEB-INF/web.xml"/>
    <mkdir dir="${artifact.output.gradle_:_italker_:_italker-1.0-snapshot.war_(exploded)}/WEB-INF"/>
    <mkdir dir="${artifact.output.gradle_:_italker_:_italker-1.0-snapshot.war_(exploded)}/WEB-INF/classes"/>
    <copy todir="${artifact.output.gradle_:_italker_:_italker-1.0-snapshot.war_(exploded)}/WEB-INF/classes">
      <fileset dir="${italker_main.output.dir}"/>
    </copy>
    <copy todir="${artifact.output.gradle_:_italker_:_italker-1.0-snapshot.war_(exploded)}/WEB-INF/classes">
      <fileset dir="${basedir}/build/resources/main"/>
    </copy>
    <mkdir dir="${artifact.output.gradle_:_italker_:_italker-1.0-snapshot.war_(exploded)}/WEB-INF/lib"/>
    <copy file="${basedir}/../../../../../.gradle/caches/modules-2/files-2.1/com.google.code.gson/gson/2.8.0/c4ba5371a29ac9b2ad6129b1d39ea38750043eff/gson-2.8.0.jar" tofile="${artifact.output.gradle_:_italker_:_italker-1.0-snapshot.war_(exploded)}/WEB-INF/lib/gson-2.8.0.jar"/>
    <copy file="${basedir}/../../../../../.gradle/caches/modules-2/files-2.1/com.google.guava/guava/21.0/3a3d111be1be1b745edfa7d91678a12d7ed38709/guava-21.0.jar" tofile="${artifact.output.gradle_:_italker_:_italker-1.0-snapshot.war_(exploded)}/WEB-INF/lib/guava-21.0.jar"/>
    <copy file="${basedir}/../../../../../.gradle/caches/modules-2/files-2.1/com.gexin.platform/gexin-rp-sdk-http/4.0.1.7/7dbcadff6fed0766f940c5a370381a8aaff9381e/gexin-rp-sdk-http-4.0.1.7.jar" tofile="${artifact.output.gradle_:_italker_:_italker-1.0-snapshot.war_(exploded)}/WEB-INF/lib/gexin-rp-sdk-http-4.0.1.7.jar"/>
    <copy file="${basedir}/../../../../../.gradle/caches/modules-2/files-2.1/org.glassfish.jersey.core/jersey-client/2.26-b03/c8fe06284e2de90881e845228ec87afa8378d2ff/jersey-client-2.26-b03.jar" tofile="${artifact.output.gradle_:_italker_:_italker-1.0-snapshot.war_(exploded)}/WEB-INF/lib/jersey-client-2.26-b03.jar"/>
    <copy file="${basedir}/../../../../../.gradle/caches/modules-2/files-2.1/org.glassfish.jersey.core/jersey-server/2.26-b03/8e0c9b14c39a4881875586b351d82993e345fc33/jersey-server-2.26-b03.jar" tofile="${artifact.output.gradle_:_italker_:_italker-1.0-snapshot.war_(exploded)}/WEB-INF/lib/jersey-server-2.26-b03.jar"/>
    <copy file="${basedir}/../../../../../.gradle/caches/modules-2/files-2.1/org.glassfish.jersey.containers/jersey-container-servlet/2.26-b03/deb10e4947ac80866ff95c8ca7610585c48d414e/jersey-container-servlet-2.26-b03.jar" tofile="${artifact.output.gradle_:_italker_:_italker-1.0-snapshot.war_(exploded)}/WEB-INF/lib/jersey-container-servlet-2.26-b03.jar"/>
    <copy file="${basedir}/../../../../../.gradle/caches/modules-2/files-2.1/org.glassfish.jersey.media/jersey-media-json-jackson/2.26-b03/f645fd922d577ff9dbaa3744372b3bbb836d93b8/jersey-media-json-jackson-2.26-b03.jar" tofile="${artifact.output.gradle_:_italker_:_italker-1.0-snapshot.war_(exploded)}/WEB-INF/lib/jersey-media-json-jackson-2.26-b03.jar"/>
    <copy file="${basedir}/../../../../../.gradle/caches/modules-2/files-2.1/org.hibernate/hibernate-core/5.2.9.Final/284e5c769bbcc3fe1d4961f163b7360e6b4e2422/hibernate-core-5.2.9.Final.jar" tofile="${artifact.output.gradle_:_italker_:_italker-1.0-snapshot.war_(exploded)}/WEB-INF/lib/hibernate-core-5.2.9.Final.jar"/>
    <copy file="${basedir}/../../../../../.gradle/caches/modules-2/files-2.1/org.hibernate/hibernate-entitymanager/5.2.9.Final/c967ff4d212c14cac9a5e2161b1ea36b22352d0a/hibernate-entitymanager-5.2.9.Final.jar" tofile="${artifact.output.gradle_:_italker_:_italker-1.0-snapshot.war_(exploded)}/WEB-INF/lib/hibernate-entitymanager-5.2.9.Final.jar"/>
    <copy file="${basedir}/../../../../../.gradle/caches/modules-2/files-2.1/org.hibernate/hibernate-c3p0/5.2.9.Final/25ac56109fa356bbc28570f51fc45cb859aab9f0/hibernate-c3p0-5.2.9.Final.jar" tofile="${artifact.output.gradle_:_italker_:_italker-1.0-snapshot.war_(exploded)}/WEB-INF/lib/hibernate-c3p0-5.2.9.Final.jar"/>
    <copy file="${basedir}/../../../../../.gradle/caches/modules-2/files-2.1/mysql/mysql-connector-java/6.0.6/1d19b184dbc596008cc71c83596f051c3ec4097f/mysql-connector-java-6.0.6.jar" tofile="${artifact.output.gradle_:_italker_:_italker-1.0-snapshot.war_(exploded)}/WEB-INF/lib/mysql-connector-java-6.0.6.jar"/>
    <copy file="${basedir}/../../../../../.gradle/caches/modules-2/files-2.1/com.gexin.platform/gexin-rp-sdk-base/4.0.0.12/dfe72eb8cf17de65f74d3cb5163073f9676f6006/gexin-rp-sdk-base-4.0.0.12.jar" tofile="${artifact.output.gradle_:_italker_:_italker-1.0-snapshot.war_(exploded)}/WEB-INF/lib/gexin-rp-sdk-base-4.0.0.12.jar"/>
    <copy file="${basedir}/../../../../../.gradle/caches/modules-2/files-2.1/com.gexin.platform/gexin-rp-sdk-template/4.0.0.6/6cde47346ca4b847bf8fffcf8abbf75e4b4fa92c/gexin-rp-sdk-template-4.0.0.6.jar" tofile="${artifact.output.gradle_:_italker_:_italker-1.0-snapshot.war_(exploded)}/WEB-INF/lib/gexin-rp-sdk-template-4.0.0.6.jar"/>
    <copy file="${basedir}/../../../../../.gradle/caches/modules-2/files-2.1/javax.ws.rs/javax.ws.rs-api/2.1-m05/e6110a8fabdb79f9fa1bd48616f4b3fbba4b8c68/javax.ws.rs-api-2.1-m05.jar" tofile="${artifact.output.gradle_:_italker_:_italker-1.0-snapshot.war_(exploded)}/WEB-INF/lib/javax.ws.rs-api-2.1-m05.jar"/>
    <copy file="${basedir}/../../../../../.gradle/caches/modules-2/files-2.1/org.glassfish.jersey.core/jersey-common/2.26-b03/5378c3169c6769b94643740023a48a1ec5177278/jersey-common-2.26-b03.jar" tofile="${artifact.output.gradle_:_italker_:_italker-1.0-snapshot.war_(exploded)}/WEB-INF/lib/jersey-common-2.26-b03.jar"/>
    <copy file="${basedir}/../../../../../.gradle/caches/modules-2/files-2.1/org.glassfish.hk2/hk2-api/2.5.0-b36/38a3aecbf0aecb3fe07dc05902b2fbb8f1ecba12/hk2-api-2.5.0-b36.jar" tofile="${artifact.output.gradle_:_italker_:_italker-1.0-snapshot.war_(exploded)}/WEB-INF/lib/hk2-api-2.5.0-b36.jar"/>
    <copy file="${basedir}/../../../../../.gradle/caches/modules-2/files-2.1/org.glassfish.hk2.external/javax.inject/2.5.0-b36/3906adf5b1b5ab578148efed0db63b09ca04ae81/javax.inject-2.5.0-b36.jar" tofile="${artifact.output.gradle_:_italker_:_italker-1.0-snapshot.war_(exploded)}/WEB-INF/lib/javax.inject-2.5.0-b36.jar"/>
    <copy file="${basedir}/../../../../../.gradle/caches/modules-2/files-2.1/org.glassfish.hk2/hk2-locator/2.5.0-b36/947c78df1a394fe5b644ce2ca91cb5fd55d0e230/hk2-locator-2.5.0-b36.jar" tofile="${artifact.output.gradle_:_italker_:_italker-1.0-snapshot.war_(exploded)}/WEB-INF/lib/hk2-locator-2.5.0-b36.jar"/>
    <copy file="${basedir}/../../../../../.gradle/caches/modules-2/files-2.1/org.glassfish.jersey.media/jersey-media-jaxb/2.26-b03/c0add3be67cf5d02e08fdf984c623dc3acfb62e5/jersey-media-jaxb-2.26-b03.jar" tofile="${artifact.output.gradle_:_italker_:_italker-1.0-snapshot.war_(exploded)}/WEB-INF/lib/jersey-media-jaxb-2.26-b03.jar"/>
    <copy file="${basedir}/../../../../../.gradle/caches/modules-2/files-2.1/javax.annotation/javax.annotation-api/1.2/479c1e06db31c432330183f5cae684163f186146/javax.annotation-api-1.2.jar" tofile="${artifact.output.gradle_:_italker_:_italker-1.0-snapshot.war_(exploded)}/WEB-INF/lib/javax.annotation-api-1.2.jar"/>
    <copy file="${basedir}/../../../../../.gradle/caches/modules-2/files-2.1/javax.validation/validation-api/1.1.0.Final/8613ae82954779d518631e05daa73a6a954817d5/validation-api-1.1.0.Final.jar" tofile="${artifact.output.gradle_:_italker_:_italker-1.0-snapshot.war_(exploded)}/WEB-INF/lib/validation-api-1.1.0.Final.jar"/>
    <copy file="${basedir}/../../../../../.gradle/caches/modules-2/files-2.1/org.glassfish.jersey.containers/jersey-container-servlet-core/2.26-b03/843b8207bc739bbb986cb28e9db9065f8c8bcc41/jersey-container-servlet-core-2.26-b03.jar" tofile="${artifact.output.gradle_:_italker_:_italker-1.0-snapshot.war_(exploded)}/WEB-INF/lib/jersey-container-servlet-core-2.26-b03.jar"/>
    <copy file="${basedir}/../../../../../.gradle/caches/modules-2/files-2.1/org.glassfish.jersey.ext/jersey-entity-filtering/2.26-b03/150b38ea6809fc4e600a010449b49fb0279aa021/jersey-entity-filtering-2.26-b03.jar" tofile="${artifact.output.gradle_:_italker_:_italker-1.0-snapshot.war_(exploded)}/WEB-INF/lib/jersey-entity-filtering-2.26-b03.jar"/>
    <copy file="${basedir}/../../../../../.gradle/caches/modules-2/files-2.1/com.fasterxml.jackson.jaxrs/jackson-jaxrs-base/2.8.4/6c0ceb3c9fed2e225b0cc2a45533574df393f606/jackson-jaxrs-base-2.8.4.jar" tofile="${artifact.output.gradle_:_italker_:_italker-1.0-snapshot.war_(exploded)}/WEB-INF/lib/jackson-jaxrs-base-2.8.4.jar"/>
    <copy file="${basedir}/../../../../../.gradle/caches/modules-2/files-2.1/com.fasterxml.jackson.jaxrs/jackson-jaxrs-json-provider/2.8.4/839366ece31829a19cb15719b2b54a3f9f91148d/jackson-jaxrs-json-provider-2.8.4.jar" tofile="${artifact.output.gradle_:_italker_:_italker-1.0-snapshot.war_(exploded)}/WEB-INF/lib/jackson-jaxrs-json-provider-2.8.4.jar"/>
    <copy file="${basedir}/../../../../../.gradle/caches/modules-2/files-2.1/com.fasterxml.jackson.core/jackson-annotations/2.8.4/de3570327cf8d1d4f37920535c51a1f74225a6de/jackson-annotations-2.8.4.jar" tofile="${artifact.output.gradle_:_italker_:_italker-1.0-snapshot.war_(exploded)}/WEB-INF/lib/jackson-annotations-2.8.4.jar"/>
    <copy file="${basedir}/../../../../../.gradle/caches/modules-2/files-2.1/org.jboss.logging/jboss-logging/3.3.0.Final/3616bb87707910296e2c195dc016287080bba5af/jboss-logging-3.3.0.Final.jar" tofile="${artifact.output.gradle_:_italker_:_italker-1.0-snapshot.war_(exploded)}/WEB-INF/lib/jboss-logging-3.3.0.Final.jar"/>
    <copy file="${basedir}/../../../../../.gradle/caches/modules-2/files-2.1/org.hibernate.javax.persistence/hibernate-jpa-2.1-api/1.0.0.Final/5e731d961297e5a07290bfaf3db1fbc8bbbf405a/hibernate-jpa-2.1-api-1.0.0.Final.jar" tofile="${artifact.output.gradle_:_italker_:_italker-1.0-snapshot.war_(exploded)}/WEB-INF/lib/hibernate-jpa-2.1-api-1.0.0.Final.jar"/>
    <copy file="${basedir}/../../../../../.gradle/caches/modules-2/files-2.1/org.javassist/javassist/3.20.0-GA/a9cbcdfb7e9f86fbc74d3afae65f2248bfbf82a0/javassist-3.20.0-GA.jar" tofile="${artifact.output.gradle_:_italker_:_italker-1.0-snapshot.war_(exploded)}/WEB-INF/lib/javassist-3.20.0-GA.jar"/>
    <copy file="${basedir}/../../../../../.gradle/caches/modules-2/files-2.1/antlr/antlr/2.7.7/83cd2cd674a217ade95a4bb83a8a14f351f48bd0/antlr-2.7.7.jar" tofile="${artifact.output.gradle_:_italker_:_italker-1.0-snapshot.war_(exploded)}/WEB-INF/lib/antlr-2.7.7.jar"/>
    <copy file="${basedir}/../../../../../.gradle/caches/modules-2/files-2.1/org.jboss.spec.javax.transaction/jboss-transaction-api_1.2_spec/1.0.1.Final/4441f144a2a1f46ed48fcc6b476a4b6295e6d524/jboss-transaction-api_1.2_spec-1.0.1.Final.jar" tofile="${artifact.output.gradle_:_italker_:_italker-1.0-snapshot.war_(exploded)}/WEB-INF/lib/jboss-transaction-api_1.2_spec-1.0.1.Final.jar"/>
    <copy file="${basedir}/../../../../../.gradle/caches/modules-2/files-2.1/org.jboss/jandex/2.0.3.Final/bfc4d6257dbff7a33a357f0de116be6ff951d849/jandex-2.0.3.Final.jar" tofile="${artifact.output.gradle_:_italker_:_italker-1.0-snapshot.war_(exploded)}/WEB-INF/lib/jandex-2.0.3.Final.jar"/>
    <copy file="${basedir}/../../../../../.gradle/caches/modules-2/files-2.1/com.fasterxml/classmate/1.3.0/183407ff982e9375f1a1c4a51ed0a9307c598fc7/classmate-1.3.0.jar" tofile="${artifact.output.gradle_:_italker_:_italker-1.0-snapshot.war_(exploded)}/WEB-INF/lib/classmate-1.3.0.jar"/>
    <copy file="${basedir}/../../../../../.gradle/caches/modules-2/files-2.1/dom4j/dom4j/1.6.1/5d3ccc056b6f056dbf0dddfdf43894b9065a8f94/dom4j-1.6.1.jar" tofile="${artifact.output.gradle_:_italker_:_italker-1.0-snapshot.war_(exploded)}/WEB-INF/lib/dom4j-1.6.1.jar"/>
    <copy file="${basedir}/../../../../../.gradle/caches/modules-2/files-2.1/org.hibernate.common/hibernate-commons-annotations/5.0.1.Final/71e1cff3fcb20d3b3af4f3363c3ddb24d33c6879/hibernate-commons-annotations-5.0.1.Final.jar" tofile="${artifact.output.gradle_:_italker_:_italker-1.0-snapshot.war_(exploded)}/WEB-INF/lib/hibernate-commons-annotations-5.0.1.Final.jar"/>
    <copy file="${basedir}/../../../../../.gradle/caches/modules-2/files-2.1/net.bytebuddy/byte-buddy/1.6.6/7d421c533adb4e1948e3219572f94c485f09a644/byte-buddy-1.6.6.jar" tofile="${artifact.output.gradle_:_italker_:_italker-1.0-snapshot.war_(exploded)}/WEB-INF/lib/byte-buddy-1.6.6.jar"/>
    <copy file="${basedir}/../../../../../.gradle/caches/modules-2/files-2.1/com.mchange/c3p0/0.9.5.2/5f86cb6130bc6e8475615ed82d5b5e6fb226a86a/c3p0-0.9.5.2.jar" tofile="${artifact.output.gradle_:_italker_:_italker-1.0-snapshot.war_(exploded)}/WEB-INF/lib/c3p0-0.9.5.2.jar"/>
    <copy file="${basedir}/../../../../../.gradle/caches/modules-2/files-2.1/com.google.protobuf/protobuf-java/2.5.0/a10732c76bfacdbd633a7eb0f7968b1059a65dfa/protobuf-java-2.5.0.jar" tofile="${artifact.output.gradle_:_italker_:_italker-1.0-snapshot.war_(exploded)}/WEB-INF/lib/protobuf-java-2.5.0.jar"/>
    <copy file="${basedir}/../../../../../.gradle/caches/modules-2/files-2.1/org.glassfish.jersey.bundles.repackaged/jersey-guava/2.26-b03/969207eb0861f4c0448924b637734c98760e241c/jersey-guava-2.26-b03.jar" tofile="${artifact.output.gradle_:_italker_:_italker-1.0-snapshot.war_(exploded)}/WEB-INF/lib/jersey-guava-2.26-b03.jar"/>
    <copy file="${basedir}/../../../../../.gradle/caches/modules-2/files-2.1/org.glassfish.hk2/osgi-resource-locator/1.0.1/4ed2b2d4738aed5786cfa64cba5a332779c4c708/osgi-resource-locator-1.0.1.jar" tofile="${artifact.output.gradle_:_italker_:_italker-1.0-snapshot.war_(exploded)}/WEB-INF/lib/osgi-resource-locator-1.0.1.jar"/>
    <copy file="${basedir}/../../../../../.gradle/caches/modules-2/files-2.1/org.glassfish.hk2/hk2-utils/2.5.0-b36/6f4a10a31fab614f0b57afb03551170dfe391f6a/hk2-utils-2.5.0-b36.jar" tofile="${artifact.output.gradle_:_italker_:_italker-1.0-snapshot.war_(exploded)}/WEB-INF/lib/hk2-utils-2.5.0-b36.jar"/>
    <copy file="${basedir}/../../../../../.gradle/caches/modules-2/files-2.1/org.glassfish.hk2.external/aopalliance-repackaged/2.5.0-b36/c070e06fddf05938328f4c9ad5c954127e1188ac/aopalliance-repackaged-2.5.0-b36.jar" tofile="${artifact.output.gradle_:_italker_:_italker-1.0-snapshot.war_(exploded)}/WEB-INF/lib/aopalliance-repackaged-2.5.0-b36.jar"/>
    <copy file="${basedir}/../../../../../.gradle/caches/modules-2/files-2.1/com.fasterxml.jackson.core/jackson-core/2.8.4/ca365c0817cc345ea831cae7c4e9b42a72b32281/jackson-core-2.8.4.jar" tofile="${artifact.output.gradle_:_italker_:_italker-1.0-snapshot.war_(exploded)}/WEB-INF/lib/jackson-core-2.8.4.jar"/>
    <copy file="${basedir}/../../../../../.gradle/caches/modules-2/files-2.1/com.fasterxml.jackson.core/jackson-databind/2.8.4/1c36c81e79cacdf48116afba8495e3393d267ba1/jackson-databind-2.8.4.jar" tofile="${artifact.output.gradle_:_italker_:_italker-1.0-snapshot.war_(exploded)}/WEB-INF/lib/jackson-databind-2.8.4.jar"/>
    <copy file="${basedir}/../../../../../.gradle/caches/modules-2/files-2.1/com.fasterxml.jackson.module/jackson-module-jaxb-annotations/2.8.4/d2eec7cf6c4284f7d5f0b1a72dc7cfa9d6bb579d/jackson-module-jaxb-annotations-2.8.4.jar" tofile="${artifact.output.gradle_:_italker_:_italker-1.0-snapshot.war_(exploded)}/WEB-INF/lib/jackson-module-jaxb-annotations-2.8.4.jar"/>
    <copy file="${basedir}/../../../../../.gradle/caches/modules-2/files-2.1/com.mchange/mchange-commons-java/0.2.11/2a6a6c1fe25f28f5a073171956ce6250813467ef/mchange-commons-java-0.2.11.jar" tofile="${artifact.output.gradle_:_italker_:_italker-1.0-snapshot.war_(exploded)}/WEB-INF/lib/mchange-commons-java-0.2.11.jar"/>
    <copy file="${basedir}/../../../../../.gradle/caches/modules-2/files-2.1/javax.inject/javax.inject/1/6975da39a7040257bd51d21a231b76c915872d38/javax.inject-1.jar" tofile="${artifact.output.gradle_:_italker_:_italker-1.0-snapshot.war_(exploded)}/WEB-INF/lib/javax.inject-1.jar"/>
  </target>
  
  <target name="build.all.artifacts" depends="artifact.gradle_:_italker_:_italker-1.0-snapshot.war, artifact.gradle_:_italker_:_italker-1.0-snapshot.war_(exploded)" description="Build all artifacts">
    <mkdir dir="${artifact.output.gradle_:_italker_:_italker-1.0-snapshot.war}"/>
    <copy todir="${artifact.output.gradle_:_italker_:_italker-1.0-snapshot.war}">
      <fileset dir="${artifact.temp.output.gradle_:_italker_:_italker-1.0-snapshot.war}"/>
    </copy>
    
    <!-- Delete temporary files -->
    <delete dir="${artifacts.temp.dir}"/>
  </target>
  
  <target name="all" depends="build.modules, build.all.artifacts" description="build all"/>
</project>