<?xml version="1.0" encoding="UTF-8"?>
<project name="module_main" default="compile.module.main">
  <dirname property="module.main.basedir" file="${ant.file.module_main}"/>
  
  <property name="module.jdk.home.main" value="${project.jdk.home}"/>
  <property name="module.jdk.bin.main" value="${project.jdk.bin}"/>
  <property name="module.jdk.classpath.main" value="${project.jdk.classpath}"/>
  
  <property name="compiler.args.main" value="-encoding UTF-8 -source 8 -target 8 ${compiler.args}"/>
  
  <property name="main.output.dir" value="${module.main.basedir}/../../out/production/main"/>
  <property name="main.testoutput.dir" value="${module.main.basedir}/../../out/test/main"/>
  
  <path id="main.module.bootclasspath">
    <!-- Paths to be included in compilation bootclasspath -->
  </path>
  
  <path id="main.module.production.classpath">
    <path refid="${module.jdk.classpath.main}"/>
    <path refid="library.lib.classpath"/>
    <path refid="library.gradle:_com.gexin.platform:gexin-rp-sdk-http:4.0.1.7.classpath"/>
    <path refid="library.gradle:_com.gexin.platform:gexin-rp-sdk-base:4.0.0.12.classpath"/>
    <path refid="library.gradle:_com.gexin.platform:gexin-rp-sdk-template:4.0.0.6.classpath"/>
  </path>
  
  <path id="main.runtime.production.module.classpath">
    <pathelement location="${main.output.dir}"/>
    <path refid="library.lib.classpath"/>
    <path refid="library.gradle:_com.gexin.platform:gexin-rp-sdk-http:4.0.1.7.classpath"/>
    <path refid="library.gradle:_com.gexin.platform:gexin-rp-sdk-base:4.0.0.12.classpath"/>
    <path refid="library.gradle:_com.gexin.platform:gexin-rp-sdk-template:4.0.0.6.classpath"/>
  </path>
  
  <path id="main.module.classpath">
    <path refid="${module.jdk.classpath.main}"/>
    <pathelement location="${main.output.dir}"/>
    <path refid="library.lib.classpath"/>
    <path refid="library.gradle:_com.gexin.platform:gexin-rp-sdk-http:4.0.1.7.classpath"/>
    <path refid="library.gradle:_com.gexin.platform:gexin-rp-sdk-base:4.0.0.12.classpath"/>
    <path refid="library.gradle:_com.gexin.platform:gexin-rp-sdk-template:4.0.0.6.classpath"/>
  </path>
  
  <path id="main.runtime.module.classpath">
    <pathelement location="${main.testoutput.dir}"/>
    <pathelement location="${main.output.dir}"/>
    <path refid="library.lib.classpath"/>
    <path refid="library.gradle:_com.gexin.platform:gexin-rp-sdk-http:4.0.1.7.classpath"/>
    <path refid="library.gradle:_com.gexin.platform:gexin-rp-sdk-base:4.0.0.12.classpath"/>
    <path refid="library.gradle:_com.gexin.platform:gexin-rp-sdk-template:4.0.0.6.classpath"/>
  </path>
  
  
  <patternset id="excluded.from.module.main">
    <patternset refid="ignored.files"/>
  </patternset>
  
  <patternset id="excluded.from.compilation.main">
    <patternset refid="excluded.from.module.main"/>
  </patternset>
  
  <path id="main.module.sourcepath">
    <dirset dir="${module.main.basedir}">
      <include name="java"/>
    </dirset>
  </path>
  
  
  <target name="compile.module.main" depends="compile.module.main.production,compile.module.main.tests" description="Compile module main"/>
  
  <target name="compile.module.main.production" depends="register.custom.compilers" description="Compile module main; production classes">
    <mkdir dir="${main.output.dir}"/>
    <javac2 destdir="${main.output.dir}" debug="${compiler.debug}" nowarn="${compiler.generate.no.warnings}" memorymaximumsize="${compiler.max.memory}" fork="true" executable="${module.jdk.bin.main}/javac">
      <compilerarg line="${compiler.args.main}"/>
      <bootclasspath refid="main.module.bootclasspath"/>
      <classpath refid="main.module.production.classpath"/>
      <src refid="main.module.sourcepath"/>
      <patternset refid="excluded.from.compilation.main"/>
    </javac2>
    
    <copy todir="${main.output.dir}">
      <fileset dir="${module.main.basedir}/java">
        <patternset refid="compiler.resources"/>
        <type type="file"/>
      </fileset>
    </copy>
  </target>
  
  <target name="compile.module.main.tests" depends="register.custom.compilers,compile.module.main.production" description="compile module main; test classes" unless="skip.tests"/>
  
  <target name="clean.module.main" description="cleanup module">
    <delete dir="${main.output.dir}"/>
    <delete dir="${main.testoutput.dir}"/>
  </target>
</project>